Workbook

Sheet HHS_Unaccompanied_Alien_Childre
A1: Date | C1: Children apprehended and placed in CBP custody* | D1: Children in CBP custody | E1: Children transferred out of CBP custody | F1: Children in HHS Care | G1: Children discharged from HHS Care | H1: Transfer Efficiency Ratio | I1: Discharge Effectiveness | J1: Backlog Accumulation | K1: Month
A2: 46012 | B2: =TEXT(A2,"mmm-yyyy") -> Dec-2025 | C2: 6 | D2: 18 | E2: 11 | F2: 2484 | G2: 14 | H2: =E2/D2 -> 0.61111111 | I2: =G2/F2 -> 0.0056360709 | J2: =C2-G2 -> -8 | K2: =TEXT(A2,"mmm-yyyy") -> Dec-2025
A3: 46013 | B3: =TEXT(A3,"mmm-yyyy") -> Dec-2025 | C3: 11 | D3: 50 | E3: 6 | F3: 2472 | G3: 16 | H3: =E3/D3 -> 0.12 | I3: =G3/F3 -> 0.0064724919 | J3: =C3-G3 -> -5 | K3: =TEXT(A3,"mmm-yyyy") -> Dec-2025
A4: 46014 | B4: =TEXT(A4,"mmm-yyyy") -> Dec-2025 | C4: 7 | D4: 31 | E4: 11 | F4: 2481 | G4: 10 | H4: =E4/D4 -> 0.35483871 | I4: =G4/F4 -> 0.0040306328 | J4: =C4-G4 -> -3 | K4: =TEXT(A4,"mmm-yyyy") -> Dec-2025
A5: 46015 | B5: =TEXT(A5,"mmm-yyyy") -> Dec-2025 | C5: 8 | D5: 54 | E5: 15 | F5: 2468 | G5: 9 | H5: =E5/D5 -> 0.27777778 | I5: =G5/F5 -> 0.0036466775 | J5: =C5-G5 -> -1 | K5: =TEXT(A5,"mmm-yyyy") -> Dec-2025
A6: 46016 | B6: =TEXT(A6,"mmm-yyyy") -> Dec-2025 | C6: 11 | D6: 42 | E6: 9 | F6: 2470 | G6: 7 | H6: =E6/D6 -> 0.21428571 | I6: =G6/F6 -> 0.0028340081 | J6: =C6-G6 -> 4 | K6: =TEXT(A6,"mmm-yyyy") -> Dec-2025
A7: 46017 | B7: =TEXT(A7,"mmm-yyyy") -> Dec-2025 | C7: 8 | D7: 35 | E7: 4 | F7: 2462 | G7: 8 | H7: =E7/D7 -> 0.11428571 | I7: =G7/F7 -> 0.0032493907 | J7: =C7-G7 -> 0 | K7: =TEXT(A7,"mmm-yyyy") -> Dec-2025
A8: 46018 | B8: =TEXT(A8,"mmm-yyyy") -> Dec-2025 | C8: 7 | D8: 47 | E8: 9 | F8: 2437 | G8: 10 | H8: =E8/D8 -> 0.19148936 | I8: =G8/F8 -> 0.0041034058 | J8: =C8-G8 -> -3 | K8: =TEXT(A8,"mmm-yyyy") -> Dec-2025
A9: 46019 | B9: =TEXT(A9,"mmm-yyyy") -> Dec-2025 | C9: 10 | D9: 54 | E9: 5 | F9: 2439 | G9: 9 | H9: =E9/D9 -> 0.092592593 | I9: =G9/F9 -> 0.0036900369 | J9: =C9-G9 -> 1 | K9: =TEXT(A9,"mmm-yyyy") -> Dec-2025
A10: 46020 | B10: =TEXT(A10,"mmm-yyyy") -> Dec-2025 | C10: 4 | D10: 30 | E10: 7 | F10: 2443 | G10: 8 | H10: =E10/D10 -> 0.23333333 | I10: =G10/F10 -> 0.0032746623 | J10: =C10-G10 -> -4 | K10: =TEXT(A10,"mmm-yyyy") -> Dec-2025
A11: 46021 | B11: =TEXT(A11,"mmm-yyyy") -> Dec-2025 | C11: 9 | D11: 27 | E11: 9 | F11: 2440 | G11: 4 | H11: =E11/D11 -> 0.33333333 | I11: =G11/F11 -> 0.0016393443 | J11: =C11-G11 -> 5 | K11: =TEXT(A11,"mmm-yyyy") -> Dec-2025
A12: 46022 | B12: =TEXT(A12,"mmm-yyyy") -> Dec-2025 | C12: 4 | D12: 24 | E12: 13 | F12: 2429 | G12: 12 | H12: =E12/D12 -> 0.54166667 | I12: =G12/F12 -> 0.0049403047 | J12: =C12-G12 -> -8 | K12: =TEXT(A12,"mmm-yyyy") -> Dec-2025
A13: 46023 | B13: =TEXT(A13,"mmm-yyyy") -> Jan-2026 | C13: 16 | D13: 39 | E13: 7 | F13: 2418 | G13: 13 | H13: =E13/D13 -> 0.17948718 | I13: =G13/F13 -> 0.0053763441 | J13: =C13-G13 -> 3 | K13: =TEXT(A13,"mmm-yyyy") -> Jan-2026
... A721: 46731 | B721: =TEXT(A721,"mmm-yyyy") -> Dec-2027 | C721: 33 | D721: 53 | E721: 34 | F721: 6566 | G721: 436 | H721: =E721/D721 -> 0.64150943 | I721: =G721/F721 -> 0.06640268 | J721: =C721-G721 -> -403 | K721: =TEXT(A721,"mmm-yyyy") -> Dec-2027

Sheet KPI Dashboard
A1: HHS Unaccompanied Alien Children Program Dashboard
A2: KPI | B2: Value
A3: Avg Transfer Efficiency | B3: =AVERAGE(HHS_Unaccompanied_Alien_Childre!H:H) -> 0.69101765
A4: Avg Discharge Effectiveness | B4: =AVERAGE(HHS_Unaccompanied_Alien_Childre!I:I) -> 0.023737003
A5: Avg Backlog Accumulation | B5: =AVERAGE(HHS_Unaccompanied_Alien_Childre!J:J) -> -79.883333
A6: Max CBP Custody | B6: =MAX(HHS_Unaccompanied_Alien_Childre!D:D) -> 531
A7: Max HHS Care | B7: =MAX(HHS_Unaccompanied_Alien_Childre!F:F) -> 11516
